,RunId,iteration,Step,width,height,density,minority_pc,homophily,disease_probability,spread_probability,happy,sick
0,0,0,0,10,10,0.0,0.5,0,50,50,0,0
1,1,0,0,10,10,0.0,0.5,1,50,50,0,0
2,2,0,0,10,10,0.0,0.5,2,50,50,0,0
3,3,0,0,10,10,0.0,0.5,3,50,50,0,0
4,4,0,0,10,10,0.0,0.5,4,50,50,0,0
5,5,0,3,10,10,0.1,0.5,0,50,50,12,1
6,6,0,15,10,10,0.1,0.5,1,50,50,7,0
7,7,0,89,10,10,0.1,0.5,2,50,50,10,0
8,8,0,100,10,10,0.1,0.5,3,50,50,0,0
9,9,0,100,10,10,0.1,0.5,4,50,50,0,0
10,10,0,9,10,10,0.2,0.5,0,50,50,18,4
11,11,0,100,10,10,0.2,0.5,1,50,50,0,14
12,12,0,100,10,10,0.2,0.5,2,50,50,0,11
13,13,0,100,10,10,0.2,0.5,3,50,50,0,7
14,14,0,100,10,10,0.2,0.5,4,50,50,0,13
15,15,0,100,10,10,0.30000000000000004,0.5,0,50,50,3,18
16,16,0,100,10,10,0.30000000000000004,0.5,1,50,50,1,20
17,17,0,100,10,10,0.30000000000000004,0.5,2,50,50,0,15
18,18,0,100,10,10,0.30000000000000004,0.5,3,50,50,0,17
19,19,0,100,10,10,0.30000000000000004,0.5,4,50,50,0,12
20,20,0,100,10,10,0.4,0.5,0,50,50,1,18
21,21,0,100,10,10,0.4,0.5,1,50,50,0,20
22,22,0,100,10,10,0.4,0.5,2,50,50,0,30
23,23,0,100,10,10,0.4,0.5,3,50,50,0,25
24,24,0,100,10,10,0.4,0.5,4,50,50,0,24
25,25,1,0,10,10,0.0,0.5,0,50,50,0,0
26,26,1,0,10,10,0.0,0.5,1,50,50,0,0
27,27,1,0,10,10,0.0,0.5,2,50,50,0,0
28,28,1,0,10,10,0.0,0.5,3,50,50,0,0
29,29,1,0,10,10,0.0,0.5,4,50,50,0,0
30,30,1,2,10,10,0.1,0.5,0,50,50,12,5
31,31,1,12,10,10,0.1,0.5,1,50,50,6,0
32,32,1,100,10,10,0.1,0.5,2,50,50,3,0
33,33,1,100,10,10,0.1,0.5,3,50,50,0,0
34,34,1,100,10,10,0.1,0.5,4,50,50,0,0
35,35,1,3,10,10,0.2,0.5,0,50,50,11,0
36,36,1,41,10,10,0.2,0.5,1,50,50,18,0
37,37,1,100,10,10,0.2,0.5,2,50,50,0,9
38,38,1,100,10,10,0.2,0.5,3,50,50,0,12
39,39,1,100,10,10,0.2,0.5,4,50,50,0,6
40,40,1,100,10,10,0.30000000000000004,0.5,0,50,50,0,29
41,41,1,100,10,10,0.30000000000000004,0.5,1,50,50,2,15
42,42,1,100,10,10,0.30000000000000004,0.5,2,50,50,0,20
43,43,1,100,10,10,0.30000000000000004,0.5,3,50,50,0,17
44,44,1,100,10,10,0.30000000000000004,0.5,4,50,50,0,15
45,45,1,100,10,10,0.4,0.5,0,50,50,0,21
46,46,1,100,10,10,0.4,0.5,1,50,50,0,25
47,47,1,100,10,10,0.4,0.5,2,50,50,1,24
48,48,1,100,10,10,0.4,0.5,3,50,50,0,21
49,49,1,100,10,10,0.4,0.5,4,50,50,0,29
50,50,2,0,10,10,0.0,0.5,0,50,50,0,0
51,51,2,0,10,10,0.0,0.5,1,50,50,0,0
52,52,2,0,10,10,0.0,0.5,2,50,50,0,0
53,53,2,0,10,10,0.0,0.5,3,50,50,0,0
54,54,2,0,10,10,0.0,0.5,4,50,50,0,0
55,55,2,3,10,10,0.1,0.5,0,50,50,8,3
56,56,2,15,10,10,0.1,0.5,1,50,50,11,0
57,57,2,41,10,10,0.1,0.5,2,50,50,12,0
58,58,2,100,10,10,0.1,0.5,3,50,50,0,0
59,59,2,100,10,10,0.1,0.5,4,50,50,0,0
60,60,2,3,10,10,0.2,0.5,0,50,50,13,0
61,61,2,14,10,10,0.2,0.5,1,50,50,18,0
62,62,2,100,10,10,0.2,0.5,2,50,50,0,5
63,63,2,100,10,10,0.2,0.5,3,50,50,6,0
64,64,2,100,10,10,0.2,0.5,4,50,50,0,8
65,65,2,100,10,10,0.30000000000000004,0.5,0,50,50,4,21
66,66,2,100,10,10,0.30000000000000004,0.5,1,50,50,1,16
67,67,2,100,10,10,0.30000000000000004,0.5,2,50,50,0,19
68,68,2,100,10,10,0.30000000000000004,0.5,3,50,50,0,14
69,69,2,100,10,10,0.30000000000000004,0.5,4,50,50,0,14
70,70,2,100,10,10,0.4,0.5,0,50,50,2,22
71,71,2,100,10,10,0.4,0.5,1,50,50,0,26
72,72,2,100,10,10,0.4,0.5,2,50,50,0,29
73,73,2,100,10,10,0.4,0.5,3,50,50,0,28
74,74,2,100,10,10,0.4,0.5,4,50,50,0,27
75,75,3,0,10,10,0.0,0.5,0,50,50,0,0
76,76,3,0,10,10,0.0,0.5,1,50,50,0,0
77,77,3,0,10,10,0.0,0.5,2,50,50,0,0
78,78,3,0,10,10,0.0,0.5,3,50,50,0,0
79,79,3,0,10,10,0.0,0.5,4,50,50,0,0
80,80,3,1,10,10,0.1,0.5,0,50,50,7,4
81,81,3,18,10,10,0.1,0.5,1,50,50,10,0
82,82,3,53,10,10,0.1,0.5,2,50,50,9,0
83,83,3,100,10,10,0.1,0.5,3,50,50,0,0
84,84,3,100,10,10,0.1,0.5,4,50,50,0,0
85,85,3,6,10,10,0.2,0.5,0,50,50,14,1
86,86,3,100,10,10,0.2,0.5,1,50,50,7,4
87,87,3,100,10,10,0.2,0.5,2,50,50,0,10
88,88,3,100,10,10,0.2,0.5,3,50,50,0,10
89,89,3,100,10,10,0.2,0.5,4,50,50,0,0
90,90,3,31,10,10,0.30000000000000004,0.5,0,50,50,25,3
91,91,3,100,10,10,0.30000000000000004,0.5,1,50,50,0,12
92,92,3,100,10,10,0.30000000000000004,0.5,2,50,50,0,18
93,93,3,100,10,10,0.30000000000000004,0.5,3,50,50,0,21
94,94,3,100,10,10,0.30000000000000004,0.5,4,50,50,0,14
95,95,3,100,10,10,0.4,0.5,0,50,50,2,24
96,96,3,100,10,10,0.4,0.5,1,50,50,0,27
97,97,3,100,10,10,0.4,0.5,2,50,50,0,29
98,98,3,100,10,10,0.4,0.5,3,50,50,0,21
99,99,3,100,10,10,0.4,0.5,4,50,50,0,27
100,100,4,0,10,10,0.0,0.5,0,50,50,0,0
101,101,4,0,10,10,0.0,0.5,1,50,50,0,0
102,102,4,0,10,10,0.0,0.5,2,50,50,0,0
103,103,4,0,10,10,0.0,0.5,3,50,50,0,0
104,104,4,0,10,10,0.0,0.5,4,50,50,0,0
105,105,4,1,10,10,0.1,0.5,0,50,50,4,6
106,106,4,22,10,10,0.1,0.5,1,50,50,9,0
107,107,4,100,10,10,0.1,0.5,2,50,50,9,0
108,108,4,100,10,10,0.1,0.5,3,50,50,0,0
109,109,4,100,10,10,0.1,0.5,4,50,50,0,0
110,110,4,30,10,10,0.2,0.5,0,50,50,19,3
111,111,4,7,10,10,0.2,0.5,1,50,50,16,0
112,112,4,100,10,10,0.2,0.5,2,50,50,18,0
113,113,4,100,10,10,0.2,0.5,3,50,50,0,8
114,114,4,100,10,10,0.2,0.5,4,50,50,0,10
115,115,4,100,10,10,0.30000000000000004,0.5,0,50,50,2,17
116,116,4,100,10,10,0.30000000000000004,0.5,1,50,50,1,14
117,117,4,100,10,10,0.30000000000000004,0.5,2,50,50,0,20
118,118,4,100,10,10,0.30000000000000004,0.5,3,50,50,0,14
119,119,4,100,10,10,0.30000000000000004,0.5,4,50,50,0,19
120,120,4,100,10,10,0.4,0.5,0,50,50,4,20
121,121,4,100,10,10,0.4,0.5,1,50,50,0,26
122,122,4,100,10,10,0.4,0.5,2,50,50,0,27
123,123,4,100,10,10,0.4,0.5,3,50,50,0,17
124,124,4,100,10,10,0.4,0.5,4,50,50,0,21
125,125,5,0,10,10,0.0,0.5,0,50,50,0,0
126,126,5,0,10,10,0.0,0.5,1,50,50,0,0
127,127,5,0,10,10,0.0,0.5,2,50,50,0,0
128,128,5,0,10,10,0.0,0.5,3,50,50,0,0
129,129,5,0,10,10,0.0,0.5,4,50,50,0,0
130,130,5,4,10,10,0.1,0.5,0,50,50,13,1
131,131,5,24,10,10,0.1,0.5,1,50,50,13,0
132,132,5,59,10,10,0.1,0.5,2,50,50,9,0
133,133,5,100,10,10,0.1,0.5,3,50,50,6,0
134,134,5,100,10,10,0.1,0.5,4,50,50,0,0
135,135,5,9,10,10,0.2,0.5,0,50,50,20,1
136,136,5,44,10,10,0.2,0.5,1,50,50,19,0
137,137,5,47,10,10,0.2,0.5,2,50,50,13,0
138,138,5,100,10,10,0.2,0.5,3,50,50,0,9
139,139,5,100,10,10,0.2,0.5,4,50,50,0,10
140,140,5,100,10,10,0.30000000000000004,0.5,0,50,50,1,19
141,141,5,100,10,10,0.30000000000000004,0.5,1,50,50,0,17
142,142,5,100,10,10,0.30000000000000004,0.5,2,50,50,0,14
143,143,5,100,10,10,0.30000000000000004,0.5,3,50,50,0,17
144,144,5,100,10,10,0.30000000000000004,0.5,4,50,50,0,10
145,145,5,100,10,10,0.4,0.5,0,50,50,3,17
146,146,5,100,10,10,0.4,0.5,1,50,50,0,23
147,147,5,100,10,10,0.4,0.5,2,50,50,0,19
148,148,5,100,10,10,0.4,0.5,3,50,50,0,23
149,149,5,100,10,10,0.4,0.5,4,50,50,0,25
150,150,6,0,10,10,0.0,0.5,0,50,50,0,0
151,151,6,0,10,10,0.0,0.5,1,50,50,0,0
152,152,6,0,10,10,0.0,0.5,2,50,50,0,0
153,153,6,0,10,10,0.0,0.5,3,50,50,0,0
154,154,6,0,10,10,0.0,0.5,4,50,50,0,0
155,155,6,9,10,10,0.1,0.5,0,50,50,13,2
156,156,6,38,10,10,0.1,0.5,1,50,50,4,0
157,157,6,56,10,10,0.1,0.5,2,50,50,14,0
158,158,6,100,10,10,0.1,0.5,3,50,50,0,0
159,159,6,100,10,10,0.1,0.5,4,50,50,0,0
160,160,6,8,10,10,0.2,0.5,0,50,50,19,0
161,161,6,22,10,10,0.2,0.5,1,50,50,16,0
162,162,6,100,10,10,0.2,0.5,2,50,50,1,11
163,163,6,100,10,10,0.2,0.5,3,50,50,0,5
164,164,6,100,10,10,0.2,0.5,4,50,50,0,12
165,165,6,41,10,10,0.30000000000000004,0.5,0,50,50,23,1
166,166,6,100,10,10,0.30000000000000004,0.5,1,50,50,1,15
167,167,6,100,10,10,0.30000000000000004,0.5,2,50,50,1,18
168,168,6,100,10,10,0.30000000000000004,0.5,3,50,50,0,12
169,169,6,100,10,10,0.30000000000000004,0.5,4,50,50,0,14
170,170,6,100,10,10,0.4,0.5,0,50,50,1,25
171,171,6,100,10,10,0.4,0.5,1,50,50,0,25
172,172,6,100,10,10,0.4,0.5,2,50,50,0,20
173,173,6,100,10,10,0.4,0.5,3,50,50,0,28
174,174,6,100,10,10,0.4,0.5,4,50,50,0,28
175,175,7,0,10,10,0.0,0.5,0,50,50,0,0
176,176,7,0,10,10,0.0,0.5,1,50,50,0,0
177,177,7,0,10,10,0.0,0.5,2,50,50,0,0
178,178,7,0,10,10,0.0,0.5,3,50,50,0,0
179,179,7,0,10,10,0.0,0.5,4,50,50,0,0
180,180,7,2,10,10,0.1,0.5,0,50,50,8,5
181,181,7,100,10,10,0.1,0.5,1,50,50,4,0
182,182,7,39,10,10,0.1,0.5,2,50,50,10,0
183,183,7,100,10,10,0.1,0.5,3,50,50,0,0
184,184,7,100,10,10,0.1,0.5,4,50,50,0,0
185,185,7,4,10,10,0.2,0.5,0,50,50,15,1
186,186,7,44,10,10,0.2,0.5,1,50,50,19,0
187,187,7,100,10,10,0.2,0.5,2,50,50,0,5
188,188,7,100,10,10,0.2,0.5,3,50,50,0,0
189,189,7,100,10,10,0.2,0.5,4,50,50,0,0
190,190,7,100,10,10,0.30000000000000004,0.5,0,50,50,4,13
191,191,7,100,10,10,0.30000000000000004,0.5,1,50,50,1,22
192,192,7,100,10,10,0.30000000000000004,0.5,2,50,50,0,18
193,193,7,100,10,10,0.30000000000000004,0.5,3,50,50,0,13
194,194,7,100,10,10,0.30000000000000004,0.5,4,50,50,0,15
195,195,7,100,10,10,0.4,0.5,0,50,50,1,31
196,196,7,100,10,10,0.4,0.5,1,50,50,1,27
197,197,7,100,10,10,0.4,0.5,2,50,50,0,27
198,198,7,100,10,10,0.4,0.5,3,50,50,0,27
199,199,7,100,10,10,0.4,0.5,4,50,50,0,22
200,200,8,0,10,10,0.0,0.5,0,50,50,0,0
201,201,8,0,10,10,0.0,0.5,1,50,50,0,0
202,202,8,0,10,10,0.0,0.5,2,50,50,0,0
203,203,8,0,10,10,0.0,0.5,3,50,50,0,0
204,204,8,0,10,10,0.0,0.5,4,50,50,0,0
205,205,8,1,10,10,0.1,0.5,0,50,50,4,3
206,206,8,6,10,10,0.1,0.5,1,50,50,13,0
207,207,8,100,10,10,0.1,0.5,2,50,50,4,0
208,208,8,100,10,10,0.1,0.5,3,50,50,0,0
209,209,8,100,10,10,0.1,0.5,4,50,50,0,0
210,210,8,6,10,10,0.2,0.5,0,50,50,16,2
211,211,8,100,10,10,0.2,0.5,1,50,50,1,13
212,212,8,100,10,10,0.2,0.5,2,50,50,1,10
213,213,8,100,10,10,0.2,0.5,3,50,50,0,10
214,214,8,100,10,10,0.2,0.5,4,50,50,0,10
215,215,8,100,10,10,0.30000000000000004,0.5,0,50,50,6,13
216,216,8,100,10,10,0.30000000000000004,0.5,1,50,50,1,18
217,217,8,100,10,10,0.30000000000000004,0.5,2,50,50,1,8
218,218,8,100,10,10,0.30000000000000004,0.5,3,50,50,0,18
219,219,8,100,10,10,0.30000000000000004,0.5,4,50,50,0,12
220,220,8,100,10,10,0.4,0.5,0,50,50,1,15
221,221,8,100,10,10,0.4,0.5,1,50,50,0,34
222,222,8,100,10,10,0.4,0.5,2,50,50,0,20
223,223,8,100,10,10,0.4,0.5,3,50,50,0,27
224,224,8,100,10,10,0.4,0.5,4,50,50,0,26
225,225,9,0,10,10,0.0,0.5,0,50,50,0,0
226,226,9,0,10,10,0.0,0.5,1,50,50,0,0
227,227,9,0,10,10,0.0,0.5,2,50,50,0,0
228,228,9,0,10,10,0.0,0.5,3,50,50,0,0
229,229,9,0,10,10,0.0,0.5,4,50,50,0,0
230,230,9,1,10,10,0.1,0.5,0,50,50,8,2
231,231,9,13,10,10,0.1,0.5,1,50,50,9,0
232,232,9,61,10,10,0.1,0.5,2,50,50,11,0
233,233,9,100,10,10,0.1,0.5,3,50,50,7,0
234,234,9,100,10,10,0.1,0.5,4,50,50,0,0
235,235,9,100,10,10,0.2,0.5,0,50,50,6,10
236,236,9,34,10,10,0.2,0.5,1,50,50,18,0
237,237,9,100,10,10,0.2,0.5,2,50,50,5,1
238,238,9,100,10,10,0.2,0.5,3,50,50,0,6
239,239,9,100,10,10,0.2,0.5,4,50,50,0,4
240,240,9,7,10,10,0.30000000000000004,0.5,0,50,50,21,4
241,241,9,100,10,10,0.30000000000000004,0.5,1,50,50,0,18
242,242,9,100,10,10,0.30000000000000004,0.5,2,50,50,0,10
243,243,9,100,10,10,0.30000000000000004,0.5,3,50,50,0,22
244,244,9,100,10,10,0.30000000000000004,0.5,4,50,50,0,20
245,245,9,100,10,10,0.4,0.5,0,50,50,4,20
246,246,9,100,10,10,0.4,0.5,1,50,50,0,28
247,247,9,100,10,10,0.4,0.5,2,50,50,0,19
248,248,9,100,10,10,0.4,0.5,3,50,50,0,31
249,249,9,100,10,10,0.4,0.5,4,50,50,0,27
250,250,10,0,10,10,0.0,0.5,0,50,50,0,0
251,251,10,0,10,10,0.0,0.5,1,50,50,0,0
252,252,10,0,10,10,0.0,0.5,2,50,50,0,0
253,253,10,0,10,10,0.0,0.5,3,50,50,0,0
254,254,10,0,10,10,0.0,0.5,4,50,50,0,0
255,255,10,1,10,10,0.1,0.5,0,50,50,5,8
256,256,10,8,10,10,0.1,0.5,1,50,50,9,0
257,257,10,100,10,10,0.1,0.5,2,50,50,10,0
258,258,10,100,10,10,0.1,0.5,3,50,50,0,0
259,259,10,100,10,10,0.1,0.5,4,50,50,0,0
260,260,10,7,10,10,0.2,0.5,0,50,50,13,3
261,261,10,100,10,10,0.2,0.5,1,50,50,1,13
262,262,10,100,10,10,0.2,0.5,2,50,50,0,11
263,263,10,100,10,10,0.2,0.5,3,50,50,0,10
264,264,10,100,10,10,0.2,0.5,4,50,50,0,8
265,265,10,100,10,10,0.30000000000000004,0.5,0,50,50,3,20
266,266,10,100,10,10,0.30000000000000004,0.5,1,50,50,0,14
267,267,10,100,10,10,0.30000000000000004,0.5,2,50,50,2,8
268,268,10,100,10,10,0.30000000000000004,0.5,3,50,50,0,12
269,269,10,100,10,10,0.30000000000000004,0.5,4,50,50,0,18
270,270,10,100,10,10,0.4,0.5,0,50,50,2,24
271,271,10,100,10,10,0.4,0.5,1,50,50,0,23
272,272,10,100,10,10,0.4,0.5,2,50,50,0,25
273,273,10,100,10,10,0.4,0.5,3,50,50,0,29
274,274,10,100,10,10,0.4,0.5,4,50,50,0,30
275,275,11,0,10,10,0.0,0.5,0,50,50,0,0
276,276,11,0,10,10,0.0,0.5,1,50,50,0,0
277,277,11,0,10,10,0.0,0.5,2,50,50,0,0
278,278,11,0,10,10,0.0,0.5,3,50,50,0,0
279,279,11,0,10,10,0.0,0.5,4,50,50,0,0
280,280,11,1,10,10,0.1,0.5,0,50,50,10,11
281,281,11,33,10,10,0.1,0.5,1,50,50,6,0
282,282,11,82,10,10,0.1,0.5,2,50,50,7,0
283,283,11,100,10,10,0.1,0.5,3,50,50,6,0
284,284,11,100,10,10,0.1,0.5,4,50,50,0,0
285,285,11,8,10,10,0.2,0.5,0,50,50,20,2
286,286,11,95,10,10,0.2,0.5,1,50,50,19,0
287,287,11,100,10,10,0.2,0.5,2,50,50,0,8
288,288,11,100,10,10,0.2,0.5,3,50,50,0,11
289,289,11,100,10,10,0.2,0.5,4,50,50,0,13
290,290,11,100,10,10,0.30000000000000004,0.5,0,50,50,4,17
291,291,11,100,10,10,0.30000000000000004,0.5,1,50,50,0,19
292,292,11,100,10,10,0.30000000000000004,0.5,2,50,50,0,20
293,293,11,100,10,10,0.30000000000000004,0.5,3,50,50,0,19
294,294,11,100,10,10,0.30000000000000004,0.5,4,50,50,0,15
295,295,11,100,10,10,0.4,0.5,0,50,50,1,22
296,296,11,100,10,10,0.4,0.5,1,50,50,0,12
297,297,11,100,10,10,0.4,0.5,2,50,50,0,27
298,298,11,100,10,10,0.4,0.5,3,50,50,0,25
299,299,11,100,10,10,0.4,0.5,4,50,50,0,28
300,300,12,0,10,10,0.0,0.5,0,50,50,0,0
301,301,12,0,10,10,0.0,0.5,1,50,50,0,0
302,302,12,0,10,10,0.0,0.5,2,50,50,0,0
303,303,12,0,10,10,0.0,0.5,3,50,50,0,0
304,304,12,0,10,10,0.0,0.5,4,50,50,0,0
305,305,12,11,10,10,0.1,0.5,0,50,50,18,3
306,306,12,20,10,10,0.1,0.5,1,50,50,15,0
307,307,12,100,10,10,0.1,0.5,2,50,50,5,0
308,308,12,100,10,10,0.1,0.5,3,50,50,0,0
309,309,12,100,10,10,0.1,0.5,4,50,50,0,0
310,310,12,9,10,10,0.2,0.5,0,50,50,20,0
311,311,12,100,10,10,0.2,0.5,1,50,50,1,14
312,312,12,100,10,10,0.2,0.5,2,50,50,0,11
313,313,12,100,10,10,0.2,0.5,3,50,50,0,14
314,314,12,100,10,10,0.2,0.5,4,50,50,0,0
315,315,12,100,10,10,0.30000000000000004,0.5,0,50,50,6,18
316,316,12,100,10,10,0.30000000000000004,0.5,1,50,50,2,12
317,317,12,100,10,10,0.30000000000000004,0.5,2,50,50,0,14
318,318,12,100,10,10,0.30000000000000004,0.5,3,50,50,0,9
319,319,12,100,10,10,0.30000000000000004,0.5,4,50,50,0,14
320,320,12,100,10,10,0.4,0.5,0,50,50,1,23
321,321,12,100,10,10,0.4,0.5,1,50,50,0,28
322,322,12,100,10,10,0.4,0.5,2,50,50,0,22
323,323,12,100,10,10,0.4,0.5,3,50,50,0,22
324,324,12,100,10,10,0.4,0.5,4,50,50,0,20
325,325,13,0,10,10,0.0,0.5,0,50,50,0,0
326,326,13,0,10,10,0.0,0.5,1,50,50,0,0
327,327,13,0,10,10,0.0,0.5,2,50,50,0,0
328,328,13,0,10,10,0.0,0.5,3,50,50,0,0
329,329,13,0,10,10,0.0,0.5,4,50,50,0,0
330,330,13,3,10,10,0.1,0.5,0,50,50,11,4
331,331,13,11,10,10,0.1,0.5,1,50,50,7,0
332,332,13,18,10,10,0.1,0.5,2,50,50,9,0
333,333,13,100,10,10,0.1,0.5,3,50,50,0,0
334,334,13,100,10,10,0.1,0.5,4,50,50,0,0
335,335,13,7,10,10,0.2,0.5,0,50,50,14,3
336,336,13,47,10,10,0.2,0.5,1,50,50,15,0
337,337,13,100,10,10,0.2,0.5,2,50,50,0,19
338,338,13,100,10,10,0.2,0.5,3,50,50,0,9
339,339,13,100,10,10,0.2,0.5,4,50,50,0,12
340,340,13,12,10,10,0.30000000000000004,0.5,0,50,50,22,1
341,341,13,100,10,10,0.30000000000000004,0.5,1,50,50,1,20
342,342,13,100,10,10,0.30000000000000004,0.5,2,50,50,0,19
343,343,13,100,10,10,0.30000000000000004,0.5,3,50,50,0,10
344,344,13,100,10,10,0.30000000000000004,0.5,4,50,50,0,15
345,345,13,100,10,10,0.4,0.5,0,50,50,2,19
346,346,13,100,10,10,0.4,0.5,1,50,50,0,14
347,347,13,100,10,10,0.4,0.5,2,50,50,0,32
348,348,13,100,10,10,0.4,0.5,3,50,50,0,20
349,349,13,100,10,10,0.4,0.5,4,50,50,0,22
350,350,14,0,10,10,0.0,0.5,0,50,50,0,0
351,351,14,0,10,10,0.0,0.5,1,50,50,0,0
352,352,14,0,10,10,0.0,0.5,2,50,50,0,0
353,353,14,0,10,10,0.0,0.5,3,50,50,0,0
354,354,14,0,10,10,0.0,0.5,4,50,50,0,0
355,355,14,5,10,10,0.1,0.5,0,50,50,14,5
356,356,14,9,10,10,0.1,0.5,1,50,50,7,0
357,357,14,68,10,10,0.1,0.5,2,50,50,8,0
358,358,14,100,10,10,0.1,0.5,3,50,50,7,0
359,359,14,100,10,10,0.1,0.5,4,50,50,0,0
360,360,14,2,10,10,0.2,0.5,0,50,50,13,7
361,361,14,70,10,10,0.2,0.5,1,50,50,19,0
362,362,14,73,10,10,0.2,0.5,2,50,50,17,0
363,363,14,100,10,10,0.2,0.5,3,50,50,0,9
364,364,14,100,10,10,0.2,0.5,4,50,50,0,6
365,365,14,100,10,10,0.30000000000000004,0.5,0,50,50,1,20
366,366,14,100,10,10,0.30000000000000004,0.5,1,50,50,2,15
367,367,14,100,10,10,0.30000000000000004,0.5,2,50,50,0,17
368,368,14,100,10,10,0.30000000000000004,0.5,3,50,50,0,14
369,369,14,100,10,10,0.30000000000000004,0.5,4,50,50,0,14
370,370,14,100,10,10,0.4,0.5,0,50,50,2,18
371,371,14,100,10,10,0.4,0.5,1,50,50,0,19
372,372,14,100,10,10,0.4,0.5,2,50,50,0,26
373,373,14,100,10,10,0.4,0.5,3,50,50,0,22
374,374,14,100,10,10,0.4,0.5,4,50,50,0,27
375,375,15,0,10,10,0.0,0.5,0,50,50,0,0
376,376,15,0,10,10,0.0,0.5,1,50,50,0,0
377,377,15,0,10,10,0.0,0.5,2,50,50,0,0
378,378,15,0,10,10,0.0,0.5,3,50,50,0,0
379,379,15,0,10,10,0.0,0.5,4,50,50,0,0
380,380,15,1,10,10,0.1,0.5,0,50,50,3,6
381,381,15,7,10,10,0.1,0.5,1,50,50,10,0
382,382,15,100,10,10,0.1,0.5,2,50,50,10,0
383,383,15,100,10,10,0.1,0.5,3,50,50,0,0
384,384,15,100,10,10,0.1,0.5,4,50,50,0,0
385,385,15,2,10,10,0.2,0.5,0,50,50,12,6
386,386,15,16,10,10,0.2,0.5,1,50,50,18,0
387,387,15,100,10,10,0.2,0.5,2,50,50,0,9
388,388,15,100,10,10,0.2,0.5,3,50,50,0,12
389,389,15,100,10,10,0.2,0.5,4,50,50,0,0
390,390,15,100,10,10,0.30000000000000004,0.5,0,50,50,5,12
391,391,15,100,10,10,0.30000000000000004,0.5,1,50,50,1,13
392,392,15,100,10,10,0.30000000000000004,0.5,2,50,50,0,15
393,393,15,100,10,10,0.30000000000000004,0.5,3,50,50,0,22
394,394,15,100,10,10,0.30000000000000004,0.5,4,50,50,0,11
395,395,15,100,10,10,0.4,0.5,0,50,50,1,25
396,396,15,100,10,10,0.4,0.5,1,50,50,0,17
397,397,15,100,10,10,0.4,0.5,2,50,50,0,26
398,398,15,100,10,10,0.4,0.5,3,50,50,0,25
399,399,15,100,10,10,0.4,0.5,4,50,50,0,14
400,400,16,0,10,10,0.0,0.5,0,50,50,0,0
401,401,16,0,10,10,0.0,0.5,1,50,50,0,0
402,402,16,0,10,10,0.0,0.5,2,50,50,0,0
403,403,16,0,10,10,0.0,0.5,3,50,50,0,0
404,404,16,0,10,10,0.0,0.5,4,50,50,0,0
405,405,16,1,10,10,0.1,0.5,0,50,50,6,5
406,406,16,16,10,10,0.1,0.5,1,50,50,12,0
407,407,16,36,10,10,0.1,0.5,2,50,50,12,0
408,408,16,100,10,10,0.1,0.5,3,50,50,5,0
409,409,16,100,10,10,0.1,0.5,4,50,50,0,0
410,410,16,6,10,10,0.2,0.5,0,50,50,17,1
411,411,16,100,10,10,0.2,0.5,1,50,50,1,11
412,412,16,100,10,10,0.2,0.5,2,50,50,4,6
413,413,16,100,10,10,0.2,0.5,3,50,50,0,12
414,414,16,100,10,10,0.2,0.5,4,50,50,0,9
415,415,16,100,10,10,0.30000000000000004,0.5,0,50,50,8,12
416,416,16,21,10,10,0.30000000000000004,0.5,1,50,50,20,0
417,417,16,100,10,10,0.30000000000000004,0.5,2,50,50,0,11
418,418,16,100,10,10,0.30000000000000004,0.5,3,50,50,0,16
419,419,16,100,10,10,0.30000000000000004,0.5,4,50,50,0,18
420,420,16,100,10,10,0.4,0.5,0,50,50,1,19
421,421,16,100,10,10,0.4,0.5,1,50,50,0,31
422,422,16,100,10,10,0.4,0.5,2,50,50,0,24
423,423,16,100,10,10,0.4,0.5,3,50,50,0,21
424,424,16,100,10,10,0.4,0.5,4,50,50,0,23
425,425,17,0,10,10,0.0,0.5,0,50,50,0,0
426,426,17,0,10,10,0.0,0.5,1,50,50,0,0
427,427,17,0,10,10,0.0,0.5,2,50,50,0,0
428,428,17,0,10,10,0.0,0.5,3,50,50,0,0
429,429,17,0,10,10,0.0,0.5,4,50,50,0,0
430,430,17,0,10,10,0.1,0.5,0,50,50,0,2
431,431,17,100,10,10,0.1,0.5,1,50,50,3,0
432,432,17,100,10,10,0.1,0.5,2,50,50,12,0
433,433,17,100,10,10,0.1,0.5,3,50,50,0,0
434,434,17,100,10,10,0.1,0.5,4,50,50,0,0
435,435,17,12,10,10,0.2,0.5,0,50,50,25,0
436,436,17,27,10,10,0.2,0.5,1,50,50,15,0
437,437,17,100,10,10,0.2,0.5,2,50,50,1,11
438,438,17,100,10,10,0.2,0.5,3,50,50,10,0
439,439,17,100,10,10,0.2,0.5,4,50,50,0,7
440,440,17,100,10,10,0.30000000000000004,0.5,0,50,50,0,20
441,441,17,100,10,10,0.30000000000000004,0.5,1,50,50,3,9
442,442,17,100,10,10,0.30000000000000004,0.5,2,50,50,0,11
443,443,17,100,10,10,0.30000000000000004,0.5,3,50,50,0,13
444,444,17,100,10,10,0.30000000000000004,0.5,4,50,50,0,16
445,445,17,100,10,10,0.4,0.5,0,50,50,6,10
446,446,17,100,10,10,0.4,0.5,1,50,50,0,19
447,447,17,100,10,10,0.4,0.5,2,50,50,0,26
448,448,17,100,10,10,0.4,0.5,3,50,50,0,23
449,449,17,100,10,10,0.4,0.5,4,50,50,0,15
450,450,18,0,10,10,0.0,0.5,0,50,50,0,0
451,451,18,0,10,10,0.0,0.5,1,50,50,0,0
452,452,18,0,10,10,0.0,0.5,2,50,50,0,0
453,453,18,0,10,10,0.0,0.5,3,50,50,0,0
454,454,18,0,10,10,0.0,0.5,4,50,50,0,0
455,455,18,1,10,10,0.1,0.5,0,50,50,8,5
456,456,18,100,10,10,0.1,0.5,1,50,50,7,0
457,457,18,100,10,10,0.1,0.5,2,50,50,7,0
458,458,18,100,10,10,0.1,0.5,3,50,50,0,0
459,459,18,100,10,10,0.1,0.5,4,50,50,0,0
460,460,18,100,10,10,0.2,0.5,0,50,50,6,14
461,461,18,48,10,10,0.2,0.5,1,50,50,20,0
462,462,18,100,10,10,0.2,0.5,2,50,50,2,12
463,463,18,100,10,10,0.2,0.5,3,50,50,0,18
464,464,18,100,10,10,0.2,0.5,4,50,50,0,7
465,465,18,25,10,10,0.30000000000000004,0.5,0,50,50,22,2
466,466,18,100,10,10,0.30000000000000004,0.5,1,50,50,3,14
467,467,18,100,10,10,0.30000000000000004,0.5,2,50,50,0,12
468,468,18,100,10,10,0.30000000000000004,0.5,3,50,50,0,21
469,469,18,100,10,10,0.30000000000000004,0.5,4,50,50,0,14
470,470,18,100,10,10,0.4,0.5,0,50,50,3,15
471,471,18,100,10,10,0.4,0.5,1,50,50,0,21
472,472,18,100,10,10,0.4,0.5,2,50,50,0,21
473,473,18,100,10,10,0.4,0.5,3,50,50,0,19
474,474,18,100,10,10,0.4,0.5,4,50,50,0,28
475,475,19,0,10,10,0.0,0.5,0,50,50,0,0
476,476,19,0,10,10,0.0,0.5,1,50,50,0,0
477,477,19,0,10,10,0.0,0.5,2,50,50,0,0
478,478,19,0,10,10,0.0,0.5,3,50,50,0,0
479,479,19,0,10,10,0.0,0.5,4,50,50,0,0
480,480,19,3,10,10,0.1,0.5,0,50,50,10,0
481,481,19,33,10,10,0.1,0.5,1,50,50,12,0
482,482,19,100,10,10,0.1,0.5,2,50,50,7,0
483,483,19,100,10,10,0.1,0.5,3,50,50,0,0
484,484,19,100,10,10,0.1,0.5,4,50,50,0,0
485,485,19,11,10,10,0.2,0.5,0,50,50,19,3
486,486,19,43,10,10,0.2,0.5,1,50,50,17,0
487,487,19,45,10,10,0.2,0.5,2,50,50,16,0
488,488,19,100,10,10,0.2,0.5,3,50,50,0,17
489,489,19,100,10,10,0.2,0.5,4,50,50,0,0
490,490,19,68,10,10,0.30000000000000004,0.5,0,50,50,30,2
491,491,19,100,10,10,0.30000000000000004,0.5,1,50,50,4,12
492,492,19,100,10,10,0.30000000000000004,0.5,2,50,50,0,23
493,493,19,100,10,10,0.30000000000000004,0.5,3,50,50,0,19
494,494,19,100,10,10,0.30000000000000004,0.5,4,50,50,0,19
495,495,19,100,10,10,0.4,0.5,0,50,50,0,28
496,496,19,100,10,10,0.4,0.5,1,50,50,0,28
497,497,19,100,10,10,0.4,0.5,2,50,50,0,30
498,498,19,100,10,10,0.4,0.5,3,50,50,0,21
499,499,19,100,10,10,0.4,0.5,4,50,50,0,27
500,500,20,0,10,10,0.0,0.5,0,50,50,0,0
501,501,20,0,10,10,0.0,0.5,1,50,50,0,0
502,502,20,0,10,10,0.0,0.5,2,50,50,0,0
503,503,20,0,10,10,0.0,0.5,3,50,50,0,0
504,504,20,0,10,10,0.0,0.5,4,50,50,0,0
505,505,20,1,10,10,0.1,0.5,0,50,50,6,2
506,506,20,19,10,10,0.1,0.5,1,50,50,9,0
507,507,20,75,10,10,0.1,0.5,2,50,50,8,0
508,508,20,100,10,10,0.1,0.5,3,50,50,0,0
509,509,20,100,10,10,0.1,0.5,4,50,50,0,0
510,510,20,9,10,10,0.2,0.5,0,50,50,19,2
511,511,20,15,10,10,0.2,0.5,1,50,50,18,0
512,512,20,100,10,10,0.2,0.5,2,50,50,0,7
513,513,20,100,10,10,0.2,0.5,3,50,50,0,11
514,514,20,100,10,10,0.2,0.5,4,50,50,0,3
515,515,20,100,10,10,0.30000000000000004,0.5,0,50,50,3,21
516,516,20,100,10,10,0.30000000000000004,0.5,1,50,50,0,19
517,517,20,100,10,10,0.30000000000000004,0.5,2,50,50,1,13
518,518,20,100,10,10,0.30000000000000004,0.5,3,50,50,0,22
519,519,20,100,10,10,0.30000000000000004,0.5,4,50,50,0,19
520,520,20,100,10,10,0.4,0.5,0,50,50,5,21
521,521,20,100,10,10,0.4,0.5,1,50,50,0,23
522,522,20,100,10,10,0.4,0.5,2,50,50,0,25
523,523,20,100,10,10,0.4,0.5,3,50,50,0,28
524,524,20,100,10,10,0.4,0.5,4,50,50,0,26
525,525,21,0,10,10,0.0,0.5,0,50,50,0,0
526,526,21,0,10,10,0.0,0.5,1,50,50,0,0
527,527,21,0,10,10,0.0,0.5,2,50,50,0,0
528,528,21,0,10,10,0.0,0.5,3,50,50,0,0
529,529,21,0,10,10,0.0,0.5,4,50,50,0,0
530,530,21,0,10,10,0.1,0.5,0,50,50,0,3
531,531,21,8,10,10,0.1,0.5,1,50,50,8,0
532,532,21,100,10,10,0.1,0.5,2,50,50,7,0
533,533,21,100,10,10,0.1,0.5,3,50,50,4,0
534,534,21,100,10,10,0.1,0.5,4,50,50,0,0
535,535,21,6,10,10,0.2,0.5,0,50,50,19,0
536,536,21,100,10,10,0.2,0.5,1,50,50,0,15
537,537,21,100,10,10,0.2,0.5,2,50,50,2,7
538,538,21,100,10,10,0.2,0.5,3,50,50,0,13
539,539,21,100,10,10,0.2,0.5,4,50,50,0,0
540,540,21,36,10,10,0.30000000000000004,0.5,0,50,50,24,2
541,541,21,100,10,10,0.30000000000000004,0.5,1,50,50,0,18
542,542,21,100,10,10,0.30000000000000004,0.5,2,50,50,0,17
543,543,21,100,10,10,0.30000000000000004,0.5,3,50,50,0,25
544,544,21,100,10,10,0.30000000000000004,0.5,4,50,50,0,17
545,545,21,100,10,10,0.4,0.5,0,50,50,1,29
546,546,21,100,10,10,0.4,0.5,1,50,50,0,24
547,547,21,100,10,10,0.4,0.5,2,50,50,1,21
548,548,21,100,10,10,0.4,0.5,3,50,50,0,18
549,549,21,100,10,10,0.4,0.5,4,50,50,0,29
550,550,22,0,10,10,0.0,0.5,0,50,50,0,0
551,551,22,0,10,10,0.0,0.5,1,50,50,0,0
552,552,22,0,10,10,0.0,0.5,2,50,50,0,0
553,553,22,0,10,10,0.0,0.5,3,50,50,0,0
554,554,22,0,10,10,0.0,0.5,4,50,50,0,0
555,555,22,3,10,10,0.1,0.5,0,50,50,7,0
556,556,22,21,10,10,0.1,0.5,1,50,50,17,0
557,557,22,100,10,10,0.1,0.5,2,50,50,6,0
558,558,22,100,10,10,0.1,0.5,3,50,50,0,0
559,559,22,100,10,10,0.1,0.5,4,50,50,0,0
560,560,22,100,10,10,0.2,0.5,0,50,50,8,14
561,561,22,36,10,10,0.2,0.5,1,50,50,19,0
562,562,22,100,10,10,0.2,0.5,2,50,50,0,10
563,563,22,100,10,10,0.2,0.5,3,50,50,0,7
564,564,22,100,10,10,0.2,0.5,4,50,50,0,10
565,565,22,87,10,10,0.30000000000000004,0.5,0,50,50,25,2
566,566,22,100,10,10,0.30000000000000004,0.5,1,50,50,1,22
567,567,22,100,10,10,0.30000000000000004,0.5,2,50,50,0,15
568,568,22,100,10,10,0.30000000000000004,0.5,3,50,50,0,20
569,569,22,100,10,10,0.30000000000000004,0.5,4,50,50,0,15
570,570,22,100,10,10,0.4,0.5,0,50,50,3,18
571,571,22,100,10,10,0.4,0.5,1,50,50,0,32
572,572,22,100,10,10,0.4,0.5,2,50,50,0,20
573,573,22,100,10,10,0.4,0.5,3,50,50,0,31
574,574,22,100,10,10,0.4,0.5,4,50,50,0,27
575,575,23,0,10,10,0.0,0.5,0,50,50,0,0
576,576,23,0,10,10,0.0,0.5,1,50,50,0,0
577,577,23,0,10,10,0.0,0.5,2,50,50,0,0
578,578,23,0,10,10,0.0,0.5,3,50,50,0,0
579,579,23,0,10,10,0.0,0.5,4,50,50,0,0
580,580,23,1,10,10,0.1,0.5,0,50,50,7,9
581,581,23,9,10,10,0.1,0.5,1,50,50,5,0
582,582,23,100,10,10,0.1,0.5,2,50,50,3,0
583,583,23,100,10,10,0.1,0.5,3,50,50,0,0
584,584,23,100,10,10,0.1,0.5,4,50,50,0,0
585,585,23,18,10,10,0.2,0.5,0,50,50,22,3
586,586,23,68,10,10,0.2,0.5,1,50,50,18,0
587,587,23,100,10,10,0.2,0.5,2,50,50,0,8
588,588,23,100,10,10,0.2,0.5,3,50,50,0,7
589,589,23,100,10,10,0.2,0.5,4,50,50,0,8
590,590,23,100,10,10,0.30000000000000004,0.5,0,50,50,4,17
591,591,23,100,10,10,0.30000000000000004,0.5,1,50,50,0,21
592,592,23,100,10,10,0.30000000000000004,0.5,2,50,50,0,15
593,593,23,100,10,10,0.30000000000000004,0.5,3,50,50,0,19
594,594,23,100,10,10,0.30000000000000004,0.5,4,50,50,0,14
595,595,23,100,10,10,0.4,0.5,0,50,50,2,22
596,596,23,100,10,10,0.4,0.5,1,50,50,1,24
597,597,23,100,10,10,0.4,0.5,2,50,50,0,19
598,598,23,100,10,10,0.4,0.5,3,50,50,0,20
599,599,23,100,10,10,0.4,0.5,4,50,50,0,26
600,600,24,0,10,10,0.0,0.5,0,50,50,0,0
601,601,24,0,10,10,0.0,0.5,1,50,50,0,0
602,602,24,0,10,10,0.0,0.5,2,50,50,0,0
603,603,24,0,10,10,0.0,0.5,3,50,50,0,0
604,604,24,0,10,10,0.0,0.5,4,50,50,0,0
605,605,24,1,10,10,0.1,0.5,0,50,50,9,2
606,606,24,30,10,10,0.1,0.5,1,50,50,13,0
607,607,24,87,10,10,0.1,0.5,2,50,50,6,0
608,608,24,100,10,10,0.1,0.5,3,50,50,0,0
609,609,24,100,10,10,0.1,0.5,4,50,50,0,0
610,610,24,14,10,10,0.2,0.5,0,50,50,24,0
611,611,24,21,10,10,0.2,0.5,1,50,50,11,0
612,612,24,75,10,10,0.2,0.5,2,50,50,18,0
613,613,24,100,10,10,0.2,0.5,3,50,50,0,6
614,614,24,100,10,10,0.2,0.5,4,50,50,0,0
615,615,24,100,10,10,0.30000000000000004,0.5,0,50,50,4,19
616,616,24,100,10,10,0.30000000000000004,0.5,1,50,50,0,21
617,617,24,100,10,10,0.30000000000000004,0.5,2,50,50,0,13
618,618,24,100,10,10,0.30000000000000004,0.5,3,50,50,0,19
619,619,24,100,10,10,0.30000000000000004,0.5,4,50,50,0,15
620,620,24,100,10,10,0.4,0.5,0,50,50,2,25
621,621,24,100,10,10,0.4,0.5,1,50,50,1,23
622,622,24,100,10,10,0.4,0.5,2,50,50,0,15
623,623,24,100,10,10,0.4,0.5,3,50,50,0,21
624,624,24,100,10,10,0.4,0.5,4,50,50,0,21
625,625,25,0,10,10,0.0,0.5,0,50,50,0,0
626,626,25,0,10,10,0.0,0.5,1,50,50,0,0
627,627,25,0,10,10,0.0,0.5,2,50,50,0,0
628,628,25,0,10,10,0.0,0.5,3,50,50,0,0
629,629,25,0,10,10,0.0,0.5,4,50,50,0,0
630,630,25,2,10,10,0.1,0.5,0,50,50,12,5
631,631,25,23,10,10,0.1,0.5,1,50,50,13,0
632,632,25,28,10,10,0.1,0.5,2,50,50,10,0
633,633,25,100,10,10,0.1,0.5,3,50,50,0,0
634,634,25,100,10,10,0.1,0.5,4,50,50,0,0
635,635,25,6,10,10,0.2,0.5,0,50,50,16,2
636,636,25,100,10,10,0.2,0.5,1,50,50,3,10
637,637,25,100,10,10,0.2,0.5,2,50,50,0,10
638,638,25,100,10,10,0.2,0.5,3,50,50,7,0
639,639,25,100,10,10,0.2,0.5,4,50,50,0,13
640,640,25,100,10,10,0.30000000000000004,0.5,0,50,50,4,20
641,641,25,100,10,10,0.30000000000000004,0.5,1,50,50,0,20
642,642,25,100,10,10,0.30000000000000004,0.5,2,50,50,3,2
643,643,25,100,10,10,0.30000000000000004,0.5,3,50,50,0,14
644,644,25,100,10,10,0.30000000000000004,0.5,4,50,50,0,12
645,645,25,100,10,10,0.4,0.5,0,50,50,1,27
646,646,25,100,10,10,0.4,0.5,1,50,50,1,29
647,647,25,100,10,10,0.4,0.5,2,50,50,0,23
648,648,25,100,10,10,0.4,0.5,3,50,50,0,26
649,649,25,100,10,10,0.4,0.5,4,50,50,0,29
650,650,26,0,10,10,0.0,0.5,0,50,50,0,0
651,651,26,0,10,10,0.0,0.5,1,50,50,0,0
652,652,26,0,10,10,0.0,0.5,2,50,50,0,0
653,653,26,0,10,10,0.0,0.5,3,50,50,0,0
654,654,26,0,10,10,0.0,0.5,4,50,50,0,0
655,655,26,3,10,10,0.1,0.5,0,50,50,7,1
656,656,26,12,10,10,0.1,0.5,1,50,50,11,0
657,657,26,77,10,10,0.1,0.5,2,50,50,9,0
658,658,26,100,10,10,0.1,0.5,3,50,50,0,0
659,659,26,100,10,10,0.1,0.5,4,50,50,0,0
660,660,26,9,10,10,0.2,0.5,0,50,50,23,1
661,661,26,100,10,10,0.2,0.5,1,50,50,0,17
662,662,26,100,10,10,0.2,0.5,2,50,50,1,9
663,663,26,100,10,10,0.2,0.5,3,50,50,0,8
664,664,26,100,10,10,0.2,0.5,4,50,50,0,8
665,665,26,72,10,10,0.30000000000000004,0.5,0,50,50,25,2
666,666,26,100,10,10,0.30000000000000004,0.5,1,50,50,0,13
667,667,26,100,10,10,0.30000000000000004,0.5,2,50,50,0,10
668,668,26,100,10,10,0.30000000000000004,0.5,3,50,50,0,12
669,669,26,100,10,10,0.30000000000000004,0.5,4,50,50,0,16
670,670,26,100,10,10,0.4,0.5,0,50,50,0,31
671,671,26,100,10,10,0.4,0.5,1,50,50,0,22
672,672,26,100,10,10,0.4,0.5,2,50,50,0,33
673,673,26,100,10,10,0.4,0.5,3,50,50,0,30
674,674,26,100,10,10,0.4,0.5,4,50,50,0,24
675,675,27,0,10,10,0.0,0.5,0,50,50,0,0
676,676,27,0,10,10,0.0,0.5,1,50,50,0,0
677,677,27,0,10,10,0.0,0.5,2,50,50,0,0
678,678,27,0,10,10,0.0,0.5,3,50,50,0,0
679,679,27,0,10,10,0.0,0.5,4,50,50,0,0
680,680,27,2,10,10,0.1,0.5,0,50,50,8,6
681,681,27,22,10,10,0.1,0.5,1,50,50,10,0
682,682,27,100,10,10,0.1,0.5,2,50,50,0,0
683,683,27,100,10,10,0.1,0.5,3,50,50,0,0
684,684,27,100,10,10,0.1,0.5,4,50,50,0,0
685,685,27,10,10,10,0.2,0.5,0,50,50,21,2
686,686,27,69,10,10,0.2,0.5,1,50,50,19,0
687,687,27,100,10,10,0.2,0.5,2,50,50,0,6
688,688,27,100,10,10,0.2,0.5,3,50,50,0,0
689,689,27,100,10,10,0.2,0.5,4,50,50,0,15
690,690,27,100,10,10,0.30000000000000004,0.5,0,50,50,9,17
691,691,27,100,10,10,0.30000000000000004,0.5,1,50,50,1,18
692,692,27,100,10,10,0.30000000000000004,0.5,2,50,50,1,24
693,693,27,100,10,10,0.30000000000000004,0.5,3,50,50,0,22
694,694,27,100,10,10,0.30000000000000004,0.5,4,50,50,0,14
695,695,27,100,10,10,0.4,0.5,0,50,50,9,11
696,696,27,100,10,10,0.4,0.5,1,50,50,0,28
697,697,27,100,10,10,0.4,0.5,2,50,50,1,22
698,698,27,100,10,10,0.4,0.5,3,50,50,0,24
699,699,27,100,10,10,0.4,0.5,4,50,50,0,30
700,700,28,0,10,10,0.0,0.5,0,50,50,0,0
701,701,28,0,10,10,0.0,0.5,1,50,50,0,0
702,702,28,0,10,10,0.0,0.5,2,50,50,0,0
703,703,28,0,10,10,0.0,0.5,3,50,50,0,0
704,704,28,0,10,10,0.0,0.5,4,50,50,0,0
705,705,28,0,10,10,0.1,0.5,0,50,50,0,3
706,706,28,12,10,10,0.1,0.5,1,50,50,12,0
707,707,28,100,10,10,0.1,0.5,2,50,50,3,0
708,708,28,100,10,10,0.1,0.5,3,50,50,8,0
709,709,28,100,10,10,0.1,0.5,4,50,50,0,0
710,710,28,1,10,10,0.2,0.5,0,50,50,9,5
711,711,28,10,10,10,0.2,0.5,1,50,50,9,0
712,712,28,100,10,10,0.2,0.5,2,50,50,0,6
713,713,28,100,10,10,0.2,0.5,3,50,50,0,6
714,714,28,100,10,10,0.2,0.5,4,50,50,0,16
715,715,28,100,10,10,0.30000000000000004,0.5,0,50,50,1,13
716,716,28,100,10,10,0.30000000000000004,0.5,1,50,50,1,16
717,717,28,100,10,10,0.30000000000000004,0.5,2,50,50,0,14
718,718,28,100,10,10,0.30000000000000004,0.5,3,50,50,0,20
719,719,28,100,10,10,0.30000000000000004,0.5,4,50,50,0,16
720,720,28,100,10,10,0.4,0.5,0,50,50,0,27
721,721,28,100,10,10,0.4,0.5,1,50,50,0,24
722,722,28,100,10,10,0.4,0.5,2,50,50,0,26
723,723,28,100,10,10,0.4,0.5,3,50,50,0,33
724,724,28,100,10,10,0.4,0.5,4,50,50,0,24
725,725,29,0,10,10,0.0,0.5,0,50,50,0,0
726,726,29,0,10,10,0.0,0.5,1,50,50,0,0
727,727,29,0,10,10,0.0,0.5,2,50,50,0,0
728,728,29,0,10,10,0.0,0.5,3,50,50,0,0
729,729,29,0,10,10,0.0,0.5,4,50,50,0,0
730,730,29,1,10,10,0.1,0.5,0,50,50,8,7
731,731,29,11,10,10,0.1,0.5,1,50,50,11,0
732,732,29,46,10,10,0.1,0.5,2,50,50,11,0
733,733,29,100,10,10,0.1,0.5,3,50,50,0,0
734,734,29,100,10,10,0.1,0.5,4,50,50,0,0
735,735,29,14,10,10,0.2,0.5,0,50,50,23,2
736,736,29,100,10,10,0.2,0.5,1,50,50,2,4
737,737,29,100,10,10,0.2,0.5,2,50,50,0,9
738,738,29,100,10,10,0.2,0.5,3,50,50,0,9
739,739,29,100,10,10,0.2,0.5,4,50,50,0,3
740,740,29,70,10,10,0.30000000000000004,0.5,0,50,50,23,3
741,741,29,100,10,10,0.30000000000000004,0.5,1,50,50,0,18
742,742,29,100,10,10,0.30000000000000004,0.5,2,50,50,1,10
743,743,29,100,10,10,0.30000000000000004,0.5,3,50,50,0,17
744,744,29,100,10,10,0.30000000000000004,0.5,4,50,50,0,12
745,745,29,100,10,10,0.4,0.5,0,50,50,1,23
746,746,29,100,10,10,0.4,0.5,1,50,50,1,33
747,747,29,100,10,10,0.4,0.5,2,50,50,0,31
748,748,29,100,10,10,0.4,0.5,3,50,50,0,31
749,749,29,100,10,10,0.4,0.5,4,50,50,0,30
750,750,30,0,10,10,0.0,0.5,0,50,50,0,0
751,751,30,0,10,10,0.0,0.5,1,50,50,0,0
752,752,30,0,10,10,0.0,0.5,2,50,50,0,0
753,753,30,0,10,10,0.0,0.5,3,50,50,0,0
754,754,30,0,10,10,0.0,0.5,4,50,50,0,0
755,755,30,0,10,10,0.1,0.5,0,50,50,0,4
756,756,30,9,10,10,0.1,0.5,1,50,50,9,0
757,757,30,99,10,10,0.1,0.5,2,50,50,7,0
758,758,30,100,10,10,0.1,0.5,3,50,50,0,0
759,759,30,100,10,10,0.1,0.5,4,50,50,0,0
760,760,30,11,10,10,0.2,0.5,0,50,50,22,2
761,761,30,27,10,10,0.2,0.5,1,50,50,11,0
762,762,30,100,10,10,0.2,0.5,2,50,50,0,10
763,763,30,100,10,10,0.2,0.5,3,50,50,0,2
764,764,30,100,10,10,0.2,0.5,4,50,50,0,4
765,765,30,12,10,10,0.30000000000000004,0.5,0,50,50,23,1
766,766,30,100,10,10,0.30000000000000004,0.5,1,50,50,2,8
767,767,30,100,10,10,0.30000000000000004,0.5,2,50,50,1,15
768,768,30,100,10,10,0.30000000000000004,0.5,3,50,50,0,18
769,769,30,100,10,10,0.30000000000000004,0.5,4,50,50,0,22
770,770,30,100,10,10,0.4,0.5,0,50,50,0,25
771,771,30,100,10,10,0.4,0.5,1,50,50,0,34
772,772,30,100,10,10,0.4,0.5,2,50,50,0,26
773,773,30,100,10,10,0.4,0.5,3,50,50,0,25
774,774,30,100,10,10,0.4,0.5,4,50,50,0,32
775,775,31,0,10,10,0.0,0.5,0,50,50,0,0
776,776,31,0,10,10,0.0,0.5,1,50,50,0,0
777,777,31,0,10,10,0.0,0.5,2,50,50,0,0
778,778,31,0,10,10,0.0,0.5,3,50,50,0,0
779,779,31,0,10,10,0.0,0.5,4,50,50,0,0
780,780,31,1,10,10,0.1,0.5,0,50,50,4,3
781,781,31,18,10,10,0.1,0.5,1,50,50,11,0
782,782,31,80,10,10,0.1,0.5,2,50,50,12,0
783,783,31,100,10,10,0.1,0.5,3,50,50,0,0
784,784,31,100,10,10,0.1,0.5,4,50,50,0,0
785,785,31,6,10,10,0.2,0.5,0,50,50,18,3
786,786,31,49,10,10,0.2,0.5,1,50,50,18,0
787,787,31,100,10,10,0.2,0.5,2,50,50,1,7
788,788,31,100,10,10,0.2,0.5,3,50,50,0,3
789,789,31,100,10,10,0.2,0.5,4,50,50,0,12
790,790,31,100,10,10,0.30000000000000004,0.5,0,50,50,1,19
791,791,31,100,10,10,0.30000000000000004,0.5,1,50,50,1,20
792,792,31,100,10,10,0.30000000000000004,0.5,2,50,50,0,15
793,793,31,100,10,10,0.30000000000000004,0.5,3,50,50,0,9
794,794,31,100,10,10,0.30000000000000004,0.5,4,50,50,0,9
795,795,31,100,10,10,0.4,0.5,0,50,50,1,24
796,796,31,100,10,10,0.4,0.5,1,50,50,0,25
797,797,31,100,10,10,0.4,0.5,2,50,50,0,12
798,798,31,100,10,10,0.4,0.5,3,50,50,0,29
799,799,31,100,10,10,0.4,0.5,4,50,50,0,27
800,800,32,0,10,10,0.0,0.5,0,50,50,0,0
801,801,32,0,10,10,0.0,0.5,1,50,50,0,0
802,802,32,0,10,10,0.0,0.5,2,50,50,0,0
803,803,32,0,10,10,0.0,0.5,3,50,50,0,0
804,804,32,0,10,10,0.0,0.5,4,50,50,0,0
805,805,32,4,10,10,0.1,0.5,0,50,50,11,4
806,806,32,10,10,10,0.1,0.5,1,50,50,15,0
807,807,32,100,10,10,0.1,0.5,2,50,50,0,0
808,808,32,100,10,10,0.1,0.5,3,50,50,0,0
809,809,32,100,10,10,0.1,0.5,4,50,50,0,0
810,810,32,17,10,10,0.2,0.5,0,50,50,18,1
811,811,32,28,10,10,0.2,0.5,1,50,50,19,0
812,812,32,100,10,10,0.2,0.5,2,50,50,0,11
813,813,32,100,10,10,0.2,0.5,3,50,50,0,10
814,814,32,100,10,10,0.2,0.5,4,50,50,0,7
815,815,32,100,10,10,0.30000000000000004,0.5,0,50,50,5,12
816,816,32,100,10,10,0.30000000000000004,0.5,1,50,50,0,20
817,817,32,100,10,10,0.30000000000000004,0.5,2,50,50,0,17
818,818,32,100,10,10,0.30000000000000004,0.5,3,50,50,0,20
819,819,32,100,10,10,0.30000000000000004,0.5,4,50,50,0,21
820,820,32,100,10,10,0.4,0.5,0,50,50,0,28
821,821,32,100,10,10,0.4,0.5,1,50,50,2,14
822,822,32,100,10,10,0.4,0.5,2,50,50,1,15
823,823,32,100,10,10,0.4,0.5,3,50,50,0,23
824,824,32,100,10,10,0.4,0.5,4,50,50,0,35
825,825,33,0,10,10,0.0,0.5,0,50,50,0,0
826,826,33,0,10,10,0.0,0.5,1,50,50,0,0
827,827,33,0,10,10,0.0,0.5,2,50,50,0,0
828,828,33,0,10,10,0.0,0.5,3,50,50,0,0
829,829,33,0,10,10,0.0,0.5,4,50,50,0,0
830,830,33,2,10,10,0.1,0.5,0,50,50,10,7
831,831,33,23,10,10,0.1,0.5,1,50,50,9,0
832,832,33,100,10,10,0.1,0.5,2,50,50,8,0
833,833,33,100,10,10,0.1,0.5,3,50,50,0,0
834,834,33,100,10,10,0.1,0.5,4,50,50,0,0
835,835,33,9,10,10,0.2,0.5,0,50,50,18,1
836,836,33,100,10,10,0.2,0.5,1,50,50,6,4
837,837,33,100,10,10,0.2,0.5,2,50,50,0,8
838,838,33,100,10,10,0.2,0.5,3,50,50,0,13
839,839,33,100,10,10,0.2,0.5,4,50,50,0,8
840,840,33,100,10,10,0.30000000000000004,0.5,0,50,50,5,20
841,841,33,100,10,10,0.30000000000000004,0.5,1,50,50,0,12
842,842,33,100,10,10,0.30000000000000004,0.5,2,50,50,0,17
843,843,33,100,10,10,0.30000000000000004,0.5,3,50,50,0,15
844,844,33,100,10,10,0.30000000000000004,0.5,4,50,50,0,15
845,845,33,100,10,10,0.4,0.5,0,50,50,2,27
846,846,33,100,10,10,0.4,0.5,1,50,50,0,33
847,847,33,100,10,10,0.4,0.5,2,50,50,0,18
848,848,33,100,10,10,0.4,0.5,3,50,50,0,31
849,849,33,100,10,10,0.4,0.5,4,50,50,0,21
850,850,34,0,10,10,0.0,0.5,0,50,50,0,0
851,851,34,0,10,10,0.0,0.5,1,50,50,0,0
852,852,34,0,10,10,0.0,0.5,2,50,50,0,0
853,853,34,0,10,10,0.0,0.5,3,50,50,0,0
854,854,34,0,10,10,0.0,0.5,4,50,50,0,0
855,855,34,3,10,10,0.1,0.5,0,50,50,9,1
856,856,34,11,10,10,0.1,0.5,1,50,50,12,0
857,857,34,82,10,10,0.1,0.5,2,50,50,15,0
858,858,34,100,10,10,0.1,0.5,3,50,50,0,0
859,859,34,100,10,10,0.1,0.5,4,50,50,0,0
860,860,34,100,10,10,0.2,0.5,0,50,50,3,14
861,861,34,100,10,10,0.2,0.5,1,50,50,1,16
862,862,34,65,10,10,0.2,0.5,2,50,50,12,0
863,863,34,100,10,10,0.2,0.5,3,50,50,0,6
864,864,34,100,10,10,0.2,0.5,4,50,50,0,5
865,865,34,6,10,10,0.30000000000000004,0.5,0,50,50,23,0
866,866,34,100,10,10,0.30000000000000004,0.5,1,50,50,0,20
867,867,34,100,10,10,0.30000000000000004,0.5,2,50,50,0,23
868,868,34,100,10,10,0.30000000000000004,0.5,3,50,50,0,16
869,869,34,100,10,10,0.30000000000000004,0.5,4,50,50,0,19
870,870,34,100,10,10,0.4,0.5,0,50,50,4,19
871,871,34,100,10,10,0.4,0.5,1,50,50,1,29
872,872,34,100,10,10,0.4,0.5,2,50,50,0,21
873,873,34,100,10,10,0.4,0.5,3,50,50,0,17
874,874,34,100,10,10,0.4,0.5,4,50,50,0,25
875,875,35,0,10,10,0.0,0.5,0,50,50,0,0
876,876,35,0,10,10,0.0,0.5,1,50,50,0,0
877,877,35,0,10,10,0.0,0.5,2,50,50,0,0
878,878,35,0,10,10,0.0,0.5,3,50,50,0,0
879,879,35,0,10,10,0.0,0.5,4,50,50,0,0
880,880,35,2,10,10,0.1,0.5,0,50,50,7,7
881,881,35,100,10,10,0.1,0.5,1,50,50,5,0
882,882,35,100,10,10,0.1,0.5,2,50,50,5,0
883,883,35,100,10,10,0.1,0.5,3,50,50,4,0
884,884,35,100,10,10,0.1,0.5,4,50,50,0,0
885,885,35,11,10,10,0.2,0.5,0,50,50,20,1
886,886,35,100,10,10,0.2,0.5,1,50,50,1,11
887,887,35,100,10,10,0.2,0.5,2,50,50,0,13
888,888,35,100,10,10,0.2,0.5,3,50,50,11,0
889,889,35,100,10,10,0.2,0.5,4,50,50,0,11
890,890,35,26,10,10,0.30000000000000004,0.5,0,50,50,25,0
891,891,35,100,10,10,0.30000000000000004,0.5,1,50,50,0,12
892,892,35,100,10,10,0.30000000000000004,0.5,2,50,50,0,9
893,893,35,100,10,10,0.30000000000000004,0.5,3,50,50,0,6
894,894,35,100,10,10,0.30000000000000004,0.5,4,50,50,0,19
895,895,35,100,10,10,0.4,0.5,0,50,50,4,27
896,896,35,100,10,10,0.4,0.5,1,50,50,1,10
897,897,35,100,10,10,0.4,0.5,2,50,50,0,25
898,898,35,100,10,10,0.4,0.5,3,50,50,0,24
899,899,35,100,10,10,0.4,0.5,4,50,50,0,23
900,900,36,0,10,10,0.0,0.5,0,50,50,0,0
901,901,36,0,10,10,0.0,0.5,1,50,50,0,0
902,902,36,0,10,10,0.0,0.5,2,50,50,0,0
903,903,36,0,10,10,0.0,0.5,3,50,50,0,0
904,904,36,0,10,10,0.0,0.5,4,50,50,0,0
905,905,36,3,10,10,0.1,0.5,0,50,50,9,2
906,906,36,8,10,10,0.1,0.5,1,50,50,9,0
907,907,36,100,10,10,0.1,0.5,2,50,50,5,0
908,908,36,100,10,10,0.1,0.5,3,50,50,9,0
909,909,36,100,10,10,0.1,0.5,4,50,50,0,0
910,910,36,10,10,10,0.2,0.5,0,50,50,19,3
911,911,36,48,10,10,0.2,0.5,1,50,50,15,0
912,912,36,100,10,10,0.2,0.5,2,50,50,0,10
913,913,36,100,10,10,0.2,0.5,3,50,50,0,12
914,914,36,100,10,10,0.2,0.5,4,50,50,0,10
915,915,36,100,10,10,0.30000000000000004,0.5,0,50,50,4,20
916,916,36,100,10,10,0.30000000000000004,0.5,1,50,50,3,11
917,917,36,100,10,10,0.30000000000000004,0.5,2,50,50,1,22
918,918,36,100,10,10,0.30000000000000004,0.5,3,50,50,0,18
919,919,36,100,10,10,0.30000000000000004,0.5,4,50,50,0,23
920,920,36,100,10,10,0.4,0.5,0,50,50,0,26
921,921,36,100,10,10,0.4,0.5,1,50,50,0,24
922,922,36,100,10,10,0.4,0.5,2,50,50,0,20
923,923,36,100,10,10,0.4,0.5,3,50,50,0,20
924,924,36,100,10,10,0.4,0.5,4,50,50,0,34
925,925,37,0,10,10,0.0,0.5,0,50,50,0,0
926,926,37,0,10,10,0.0,0.5,1,50,50,0,0
927,927,37,0,10,10,0.0,0.5,2,50,50,0,0
928,928,37,0,10,10,0.0,0.5,3,50,50,0,0
929,929,37,0,10,10,0.0,0.5,4,50,50,0,0
930,930,37,3,10,10,0.1,0.5,0,50,50,6,0
931,931,37,13,10,10,0.1,0.5,1,50,50,17,0
932,932,37,100,10,10,0.1,0.5,2,50,50,5,0
933,933,37,100,10,10,0.1,0.5,3,50,50,0,0
934,934,37,100,10,10,0.1,0.5,4,50,50,0,0
935,935,37,18,10,10,0.2,0.5,0,50,50,19,2
936,936,37,29,10,10,0.2,0.5,1,50,50,19,0
937,937,37,100,10,10,0.2,0.5,2,50,50,0,8
938,938,37,100,10,10,0.2,0.5,3,50,50,0,17
939,939,37,100,10,10,0.2,0.5,4,50,50,0,12
940,940,37,100,10,10,0.30000000000000004,0.5,0,50,50,3,19
941,941,37,100,10,10,0.30000000000000004,0.5,1,50,50,1,15
942,942,37,100,10,10,0.30000000000000004,0.5,2,50,50,0,19
943,943,37,100,10,10,0.30000000000000004,0.5,3,50,50,0,25
944,944,37,100,10,10,0.30000000000000004,0.5,4,50,50,0,13
945,945,37,100,10,10,0.4,0.5,0,50,50,0,25
946,946,37,100,10,10,0.4,0.5,1,50,50,0,27
947,947,37,100,10,10,0.4,0.5,2,50,50,1,20
948,948,37,100,10,10,0.4,0.5,3,50,50,0,22
949,949,37,100,10,10,0.4,0.5,4,50,50,0,26
950,950,38,0,10,10,0.0,0.5,0,50,50,0,0
951,951,38,0,10,10,0.0,0.5,1,50,50,0,0
952,952,38,0,10,10,0.0,0.5,2,50,50,0,0
953,953,38,0,10,10,0.0,0.5,3,50,50,0,0
954,954,38,0,10,10,0.0,0.5,4,50,50,0,0
955,955,38,1,10,10,0.1,0.5,0,50,50,5,5
956,956,38,100,10,10,0.1,0.5,1,50,50,3,0
957,957,38,100,10,10,0.1,0.5,2,50,50,4,0
958,958,38,100,10,10,0.1,0.5,3,50,50,0,0
959,959,38,100,10,10,0.1,0.5,4,50,50,0,0
960,960,38,7,10,10,0.2,0.5,0,50,50,17,1
961,961,38,41,10,10,0.2,0.5,1,50,50,21,0
962,962,38,100,10,10,0.2,0.5,2,50,50,2,11
963,963,38,100,10,10,0.2,0.5,3,50,50,0,10
964,964,38,100,10,10,0.2,0.5,4,50,50,0,10
965,965,38,100,10,10,0.30000000000000004,0.5,0,50,50,11,9
966,966,38,100,10,10,0.30000000000000004,0.5,1,50,50,0,22
967,967,38,100,10,10,0.30000000000000004,0.5,2,50,50,0,17
968,968,38,100,10,10,0.30000000000000004,0.5,3,50,50,0,23
969,969,38,100,10,10,0.30000000000000004,0.5,4,50,50,0,20
970,970,38,100,10,10,0.4,0.5,0,50,50,1,29
971,971,38,100,10,10,0.4,0.5,1,50,50,0,24
972,972,38,100,10,10,0.4,0.5,2,50,50,0,28
973,973,38,100,10,10,0.4,0.5,3,50,50,0,31
974,974,38,100,10,10,0.4,0.5,4,50,50,0,25
975,975,39,0,10,10,0.0,0.5,0,50,50,0,0
976,976,39,0,10,10,0.0,0.5,1,50,50,0,0
977,977,39,0,10,10,0.0,0.5,2,50,50,0,0
978,978,39,0,10,10,0.0,0.5,3,50,50,0,0
979,979,39,0,10,10,0.0,0.5,4,50,50,0,0
980,980,39,2,10,10,0.1,0.5,0,50,50,11,6
981,981,39,6,10,10,0.1,0.5,1,50,50,8,0
982,982,39,51,10,10,0.1,0.5,2,50,50,13,0
983,983,39,100,10,10,0.1,0.5,3,50,50,4,0
984,984,39,100,10,10,0.1,0.5,4,50,50,0,0
985,985,39,100,10,10,0.2,0.5,0,50,50,4,12
986,986,39,18,10,10,0.2,0.5,1,50,50,11,0
987,987,39,100,10,10,0.2,0.5,2,50,50,4,4
988,988,39,100,10,10,0.2,0.5,3,50,50,0,8
989,989,39,100,10,10,0.2,0.5,4,50,50,0,12
990,990,39,100,10,10,0.30000000000000004,0.5,0,50,50,1,15
991,991,39,54,10,10,0.30000000000000004,0.5,1,50,50,21,0
992,992,39,100,10,10,0.30000000000000004,0.5,2,50,50,0,14
993,993,39,100,10,10,0.30000000000000004,0.5,3,50,50,0,20
994,994,39,100,10,10,0.30000000000000004,0.5,4,50,50,0,14
995,995,39,100,10,10,0.4,0.5,0,50,50,1,22
996,996,39,100,10,10,0.4,0.5,1,50,50,0,27
997,997,39,100,10,10,0.4,0.5,2,50,50,0,29
998,998,39,100,10,10,0.4,0.5,3,50,50,0,19
999,999,39,100,10,10,0.4,0.5,4,50,50,0,20
1000,1000,40,0,10,10,0.0,0.5,0,50,50,0,0
1001,1001,40,0,10,10,0.0,0.5,1,50,50,0,0
1002,1002,40,0,10,10,0.0,0.5,2,50,50,0,0
1003,1003,40,0,10,10,0.0,0.5,3,50,50,0,0
1004,1004,40,0,10,10,0.0,0.5,4,50,50,0,0
1005,1005,40,1,10,10,0.1,0.5,0,50,50,5,4
1006,1006,40,7,10,10,0.1,0.5,1,50,50,8,0
1007,1007,40,33,10,10,0.1,0.5,2,50,50,16,0
1008,1008,40,100,10,10,0.1,0.5,3,50,50,0,0
1009,1009,40,100,10,10,0.1,0.5,4,50,50,0,0
1010,1010,40,6,10,10,0.2,0.5,0,50,50,13,3
1011,1011,40,21,10,10,0.2,0.5,1,50,50,9,0
1012,1012,40,92,10,10,0.2,0.5,2,50,50,17,0
1013,1013,40,100,10,10,0.2,0.5,3,50,50,4,0
1014,1014,40,100,10,10,0.2,0.5,4,50,50,0,11
1015,1015,40,100,10,10,0.30000000000000004,0.5,0,50,50,6,15
1016,1016,40,100,10,10,0.30000000000000004,0.5,1,50,50,0,17
1017,1017,40,100,10,10,0.30000000000000004,0.5,2,50,50,2,15
1018,1018,40,100,10,10,0.30000000000000004,0.5,3,50,50,0,10
1019,1019,40,100,10,10,0.30000000000000004,0.5,4,50,50,0,15
1020,1020,40,100,10,10,0.4,0.5,0,50,50,1,23
1021,1021,40,100,10,10,0.4,0.5,1,50,50,0,29
1022,1022,40,100,10,10,0.4,0.5,2,50,50,0,25
1023,1023,40,100,10,10,0.4,0.5,3,50,50,0,17
1024,1024,40,100,10,10,0.4,0.5,4,50,50,0,32
1025,1025,41,0,10,10,0.0,0.5,0,50,50,0,0
1026,1026,41,0,10,10,0.0,0.5,1,50,50,0,0
1027,1027,41,0,10,10,0.0,0.5,2,50,50,0,0
1028,1028,41,0,10,10,0.0,0.5,3,50,50,0,0
1029,1029,41,0,10,10,0.0,0.5,4,50,50,0,0
1030,1030,41,3,10,10,0.1,0.5,0,50,50,13,2
1031,1031,41,19,10,10,0.1,0.5,1,50,50,14,0
1032,1032,41,100,10,10,0.1,0.5,2,50,50,4,0
1033,1033,41,100,10,10,0.1,0.5,3,50,50,0,0
1034,1034,41,100,10,10,0.1,0.5,4,50,50,0,0
1035,1035,41,4,10,10,0.2,0.5,0,50,50,16,2
1036,1036,41,60,10,10,0.2,0.5,1,50,50,19,0
1037,1037,41,100,10,10,0.2,0.5,2,50,50,2,8
1038,1038,41,100,10,10,0.2,0.5,3,50,50,0,9
1039,1039,41,100,10,10,0.2,0.5,4,50,50,0,11
1040,1040,41,100,10,10,0.30000000000000004,0.5,0,50,50,1,20
1041,1041,41,100,10,10,0.30000000000000004,0.5,1,50,50,0,18
1042,1042,41,100,10,10,0.30000000000000004,0.5,2,50,50,0,23
1043,1043,41,100,10,10,0.30000000000000004,0.5,3,50,50,0,12
1044,1044,41,100,10,10,0.30000000000000004,0.5,4,50,50,0,21
1045,1045,41,100,10,10,0.4,0.5,0,50,50,1,31
1046,1046,41,100,10,10,0.4,0.5,1,50,50,0,22
1047,1047,41,100,10,10,0.4,0.5,2,50,50,0,10
1048,1048,41,100,10,10,0.4,0.5,3,50,50,0,41
1049,1049,41,100,10,10,0.4,0.5,4,50,50,0,25
1050,1050,42,0,10,10,0.0,0.5,0,50,50,0,0
1051,1051,42,0,10,10,0.0,0.5,1,50,50,0,0
1052,1052,42,0,10,10,0.0,0.5,2,50,50,0,0
1053,1053,42,0,10,10,0.0,0.5,3,50,50,0,0
1054,1054,42,0,10,10,0.0,0.5,4,50,50,0,0
1055,1055,42,1,10,10,0.1,0.5,0,50,50,14,6
1056,1056,42,23,10,10,0.1,0.5,1,50,50,5,0
1057,1057,42,100,10,10,0.1,0.5,2,50,50,5,0
1058,1058,42,100,10,10,0.1,0.5,3,50,50,0,0
1059,1059,42,100,10,10,0.1,0.5,4,50,50,0,0
1060,1060,42,5,10,10,0.2,0.5,0,50,50,13,3
1061,1061,42,40,10,10,0.2,0.5,1,50,50,19,0
1062,1062,42,100,10,10,0.2,0.5,2,50,50,0,12
1063,1063,42,100,10,10,0.2,0.5,3,50,50,7,0
1064,1064,42,100,10,10,0.2,0.5,4,50,50,0,9
1065,1065,42,8,10,10,0.30000000000000004,0.5,0,50,50,21,1
1066,1066,42,100,10,10,0.30000000000000004,0.5,1,50,50,0,16
1067,1067,42,100,10,10,0.30000000000000004,0.5,2,50,50,1,10
1068,1068,42,100,10,10,0.30000000000000004,0.5,3,50,50,0,10
1069,1069,42,100,10,10,0.30000000000000004,0.5,4,50,50,0,16
1070,1070,42,100,10,10,0.4,0.5,0,50,50,5,16
1071,1071,42,100,10,10,0.4,0.5,1,50,50,3,20
1072,1072,42,100,10,10,0.4,0.5,2,50,50,0,28
1073,1073,42,100,10,10,0.4,0.5,3,50,50,0,31
1074,1074,42,100,10,10,0.4,0.5,4,50,50,0,26
1075,1075,43,0,10,10,0.0,0.5,0,50,50,0,0
1076,1076,43,0,10,10,0.0,0.5,1,50,50,0,0
1077,1077,43,0,10,10,0.0,0.5,2,50,50,0,0
1078,1078,43,0,10,10,0.0,0.5,3,50,50,0,0
1079,1079,43,0,10,10,0.0,0.5,4,50,50,0,0
1080,1080,43,5,10,10,0.1,0.5,0,50,50,14,1
1081,1081,43,9,10,10,0.1,0.5,1,50,50,10,0
1082,1082,43,28,10,10,0.1,0.5,2,50,50,12,0
1083,1083,43,100,10,10,0.1,0.5,3,50,50,8,0
1084,1084,43,100,10,10,0.1,0.5,4,50,50,0,0
1085,1085,43,3,10,10,0.2,0.5,0,50,50,14,0
1086,1086,43,100,10,10,0.2,0.5,1,50,50,3,15
1087,1087,43,100,10,10,0.2,0.5,2,50,50,0,17
1088,1088,43,100,10,10,0.2,0.5,3,50,50,4,0
1089,1089,43,100,10,10,0.2,0.5,4,50,50,0,8
1090,1090,43,41,10,10,0.30000000000000004,0.5,0,50,50,21,2
1091,1091,43,100,10,10,0.30000000000000004,0.5,1,50,50,0,25
1092,1092,43,100,10,10,0.30000000000000004,0.5,2,50,50,0,18
1093,1093,43,100,10,10,0.30000000000000004,0.5,3,50,50,0,9
1094,1094,43,100,10,10,0.30000000000000004,0.5,4,50,50,0,11
1095,1095,43,100,10,10,0.4,0.5,0,50,50,1,19
1096,1096,43,100,10,10,0.4,0.5,1,50,50,1,20
1097,1097,43,100,10,10,0.4,0.5,2,50,50,0,31
1098,1098,43,100,10,10,0.4,0.5,3,50,50,0,21
1099,1099,43,100,10,10,0.4,0.5,4,50,50,0,20
1100,1100,44,0,10,10,0.0,0.5,0,50,50,0,0
1101,1101,44,0,10,10,0.0,0.5,1,50,50,0,0
1102,1102,44,0,10,10,0.0,0.5,2,50,50,0,0
1103,1103,44,0,10,10,0.0,0.5,3,50,50,0,0
1104,1104,44,0,10,10,0.0,0.5,4,50,50,0,0
1105,1105,44,0,10,10,0.1,0.5,0,50,50,0,3
1106,1106,44,15,10,10,0.1,0.5,1,50,50,11,0
1107,1107,44,100,10,10,0.1,0.5,2,50,50,4,0
1108,1108,44,100,10,10,0.1,0.5,3,50,50,0,0
1109,1109,44,100,10,10,0.1,0.5,4,50,50,0,0
1110,1110,44,4,10,10,0.2,0.5,0,50,50,18,4
1111,1111,44,22,10,10,0.2,0.5,1,50,50,20,0
1112,1112,44,100,10,10,0.2,0.5,2,50,50,0,8
1113,1113,44,100,10,10,0.2,0.5,3,50,50,0,7
1114,1114,44,100,10,10,0.2,0.5,4,50,50,0,6
1115,1115,44,20,10,10,0.30000000000000004,0.5,0,50,50,22,2
1116,1116,44,100,10,10,0.30000000000000004,0.5,1,50,50,4,11
1117,1117,44,100,10,10,0.30000000000000004,0.5,2,50,50,0,22
1118,1118,44,100,10,10,0.30000000000000004,0.5,3,50,50,0,19
1119,1119,44,100,10,10,0.30000000000000004,0.5,4,50,50,0,15
1120,1120,44,100,10,10,0.4,0.5,0,50,50,0,29
1121,1121,44,100,10,10,0.4,0.5,1,50,50,1,20
1122,1122,44,100,10,10,0.4,0.5,2,50,50,0,20
1123,1123,44,100,10,10,0.4,0.5,3,50,50,0,23
1124,1124,44,100,10,10,0.4,0.5,4,50,50,0,28
1125,1125,45,0,10,10,0.0,0.5,0,50,50,0,0
1126,1126,45,0,10,10,0.0,0.5,1,50,50,0,0
1127,1127,45,0,10,10,0.0,0.5,2,50,50,0,0
1128,1128,45,0,10,10,0.0,0.5,3,50,50,0,0
1129,1129,45,0,10,10,0.0,0.5,4,50,50,0,0
1130,1130,45,2,10,10,0.1,0.5,0,50,50,10,5
1131,1131,45,16,10,10,0.1,0.5,1,50,50,11,0
1132,1132,45,100,10,10,0.1,0.5,2,50,50,4,0
1133,1133,45,100,10,10,0.1,0.5,3,50,50,0,0
1134,1134,45,100,10,10,0.1,0.5,4,50,50,0,0
1135,1135,45,9,10,10,0.2,0.5,0,50,50,24,1
1136,1136,45,10,10,10,0.2,0.5,1,50,50,17,0
1137,1137,45,83,10,10,0.2,0.5,2,50,50,18,0
1138,1138,45,100,10,10,0.2,0.5,3,50,50,0,14
1139,1139,45,100,10,10,0.2,0.5,4,50,50,0,14
1140,1140,45,100,10,10,0.30000000000000004,0.5,0,50,50,0,23
1141,1141,45,100,10,10,0.30000000000000004,0.5,1,50,50,1,11
1142,1142,45,100,10,10,0.30000000000000004,0.5,2,50,50,0,13
1143,1143,45,100,10,10,0.30000000000000004,0.5,3,50,50,0,18
1144,1144,45,100,10,10,0.30000000000000004,0.5,4,50,50,0,25
1145,1145,45,100,10,10,0.4,0.5,0,50,50,2,20
1146,1146,45,100,10,10,0.4,0.5,1,50,50,0,26
1147,1147,45,100,10,10,0.4,0.5,2,50,50,0,24
1148,1148,45,100,10,10,0.4,0.5,3,50,50,0,24
1149,1149,45,100,10,10,0.4,0.5,4,50,50,0,28
1150,1150,46,0,10,10,0.0,0.5,0,50,50,0,0
1151,1151,46,0,10,10,0.0,0.5,1,50,50,0,0
1152,1152,46,0,10,10,0.0,0.5,2,50,50,0,0
1153,1153,46,0,10,10,0.0,0.5,3,50,50,0,0
1154,1154,46,0,10,10,0.0,0.5,4,50,50,0,0
1155,1155,46,4,10,10,0.1,0.5,0,50,50,11,1
1156,1156,46,12,10,10,0.1,0.5,1,50,50,10,0
1157,1157,46,58,10,10,0.1,0.5,2,50,50,9,0
1158,1158,46,100,10,10,0.1,0.5,3,50,50,0,0
1159,1159,46,100,10,10,0.1,0.5,4,50,50,0,0
1160,1160,46,16,10,10,0.2,0.5,0,50,50,20,2
1161,1161,46,99,10,10,0.2,0.5,1,50,50,18,0
1162,1162,46,100,10,10,0.2,0.5,2,50,50,1,6
1163,1163,46,100,10,10,0.2,0.5,3,50,50,0,16
1164,1164,46,100,10,10,0.2,0.5,4,50,50,0,10
1165,1165,46,100,10,10,0.30000000000000004,0.5,0,50,50,4,13
1166,1166,46,100,10,10,0.30000000000000004,0.5,1,50,50,0,19
1167,1167,46,100,10,10,0.30000000000000004,0.5,2,50,50,0,19
1168,1168,46,100,10,10,0.30000000000000004,0.5,3,50,50,0,16
1169,1169,46,100,10,10,0.30000000000000004,0.5,4,50,50,0,13
1170,1170,46,100,10,10,0.4,0.5,0,50,50,0,26
1171,1171,46,100,10,10,0.4,0.5,1,50,50,1,24
1172,1172,46,100,10,10,0.4,0.5,2,50,50,1,15
1173,1173,46,100,10,10,0.4,0.5,3,50,50,0,28
1174,1174,46,100,10,10,0.4,0.5,4,50,50,0,38
1175,1175,47,0,10,10,0.0,0.5,0,50,50,0,0
1176,1176,47,0,10,10,0.0,0.5,1,50,50,0,0
1177,1177,47,0,10,10,0.0,0.5,2,50,50,0,0
1178,1178,47,0,10,10,0.0,0.5,3,50,50,0,0
1179,1179,47,0,10,10,0.0,0.5,4,50,50,0,0
1180,1180,47,4,10,10,0.1,0.5,0,50,50,14,2
1181,1181,47,15,10,10,0.1,0.5,1,50,50,7,0
1182,1182,47,75,10,10,0.1,0.5,2,50,50,8,0
1183,1183,47,100,10,10,0.1,0.5,3,50,50,4,0
1184,1184,47,100,10,10,0.1,0.5,4,50,50,0,0
1185,1185,47,100,10,10,0.2,0.5,0,50,50,2,16
1186,1186,47,100,10,10,0.2,0.5,1,50,50,1,6
1187,1187,47,100,10,10,0.2,0.5,2,50,50,0,12
1188,1188,47,100,10,10,0.2,0.5,3,50,50,4,0
1189,1189,47,100,10,10,0.2,0.5,4,50,50,0,14
1190,1190,47,100,10,10,0.30000000000000004,0.5,0,50,50,0,22
1191,1191,47,100,10,10,0.30000000000000004,0.5,1,50,50,0,25
1192,1192,47,100,10,10,0.30000000000000004,0.5,2,50,50,0,14
1193,1193,47,100,10,10,0.30000000000000004,0.5,3,50,50,0,21
1194,1194,47,100,10,10,0.30000000000000004,0.5,4,50,50,2,10
1195,1195,47,100,10,10,0.4,0.5,0,50,50,0,29
1196,1196,47,100,10,10,0.4,0.5,1,50,50,0,25
1197,1197,47,100,10,10,0.4,0.5,2,50,50,0,27
1198,1198,47,100,10,10,0.4,0.5,3,50,50,0,19
1199,1199,47,100,10,10,0.4,0.5,4,50,50,0,25
1200,1200,48,0,10,10,0.0,0.5,0,50,50,0,0
1201,1201,48,0,10,10,0.0,0.5,1,50,50,0,0
1202,1202,48,0,10,10,0.0,0.5,2,50,50,0,0
1203,1203,48,0,10,10,0.0,0.5,3,50,50,0,0
1204,1204,48,0,10,10,0.0,0.5,4,50,50,0,0
1205,1205,48,1,10,10,0.1,0.5,0,50,50,9,6
1206,1206,48,16,10,10,0.1,0.5,1,50,50,8,0
1207,1207,48,31,10,10,0.1,0.5,2,50,50,11,0
1208,1208,48,100,10,10,0.1,0.5,3,50,50,0,0
1209,1209,48,100,10,10,0.1,0.5,4,50,50,0,0
1210,1210,48,6,10,10,0.2,0.5,0,50,50,15,3
1211,1211,48,100,10,10,0.2,0.5,1,50,50,2,13
1212,1212,48,100,10,10,0.2,0.5,2,50,50,0,12
1213,1213,48,100,10,10,0.2,0.5,3,50,50,0,14
1214,1214,48,100,10,10,0.2,0.5,4,50,50,0,0
1215,1215,48,100,10,10,0.30000000000000004,0.5,0,50,50,2,17
1216,1216,48,100,10,10,0.30000000000000004,0.5,1,50,50,4,9
1217,1217,48,100,10,10,0.30000000000000004,0.5,2,50,50,1,15
1218,1218,48,100,10,10,0.30000000000000004,0.5,3,50,50,0,16
1219,1219,48,100,10,10,0.30000000000000004,0.5,4,50,50,0,11
1220,1220,48,100,10,10,0.4,0.5,0,50,50,0,18
1221,1221,48,100,10,10,0.4,0.5,1,50,50,1,27
1222,1222,48,100,10,10,0.4,0.5,2,50,50,0,23
1223,1223,48,100,10,10,0.4,0.5,3,50,50,0,14
1224,1224,48,100,10,10,0.4,0.5,4,50,50,0,20
1225,1225,49,0,10,10,0.0,0.5,0,50,50,0,0
1226,1226,49,0,10,10,0.0,0.5,1,50,50,0,0
1227,1227,49,0,10,10,0.0,0.5,2,50,50,0,0
1228,1228,49,0,10,10,0.0,0.5,3,50,50,0,0
1229,1229,49,0,10,10,0.0,0.5,4,50,50,0,0
1230,1230,49,2,10,10,0.1,0.5,0,50,50,10,10
1231,1231,49,19,10,10,0.1,0.5,1,50,50,5,0
1232,1232,49,50,10,10,0.1,0.5,2,50,50,7,0
1233,1233,49,100,10,10,0.1,0.5,3,50,50,0,0
1234,1234,49,100,10,10,0.1,0.5,4,50,50,0,0
1235,1235,49,4,10,10,0.2,0.5,0,50,50,12,5
1236,1236,49,59,10,10,0.2,0.5,1,50,50,17,0
1237,1237,49,100,10,10,0.2,0.5,2,50,50,0,9
1238,1238,49,100,10,10,0.2,0.5,3,50,50,0,10
1239,1239,49,100,10,10,0.2,0.5,4,50,50,0,9
1240,1240,49,100,10,10,0.30000000000000004,0.5,0,50,50,5,14
1241,1241,49,100,10,10,0.30000000000000004,0.5,1,50,50,2,13
1242,1242,49,100,10,10,0.30000000000000004,0.5,2,50,50,0,21
1243,1243,49,100,10,10,0.30000000000000004,0.5,3,50,50,0,18
1244,1244,49,100,10,10,0.30000000000000004,0.5,4,50,50,0,22
1245,1245,49,100,10,10,0.4,0.5,0,50,50,0,27
1246,1246,49,100,10,10,0.4,0.5,1,50,50,2,12
1247,1247,49,100,10,10,0.4,0.5,2,50,50,0,17
1248,1248,49,100,10,10,0.4,0.5,3,50,50,0,23
1249,1249,49,100,10,10,0.4,0.5,4,50,50,0,23
